{
	"AppIDs": [
		"goagenta"
	],
	"CustomDomains": [
	],
	"Password": "",
	"SSLVerify": false,
	"DisableIPv6": false,
	"ForceIPv6": false,
	"DisableHTTP2": true,
	"ForceHTTP2": false,
	"EnableQuic": false,
	"EnableDeadProbe": true,
	"EnableRemoteDNS": false,
	"HostMap" : {
		"google_hk": [
			"mail.google.com",
			"mail.l.google.com",
			"maps.l.google.com",
			"scholar.google.com",
			"scholar.google.com.hk",
			"www.l.google.com",
		],
		"google_cn": [
			"www.g.cn",
			"www.google.cn",
		]
	},
	"SiteToAlias": {
		"*.doubleclick.net": "google_cn",
		"*.google-analytics.com": "google_cn",
		"*.google.cn": "google_cn",
		"*.googlesyndication.com": "google_cn",
		"*.googletagmanager.com": "google_cn",
		"*.googletagservices.com": "google_cn",
		"csi.gstatic.com": "google_cn",
		"fonts.gstatic.com": "google_cn",
		"dl.google.com": "google_cn",
		"fonts.googleapis.com": "google_cn",
		"*.appspot.com": "google_hk",
		"*.ggpht.com": "google_hk",
		"*.google.com": "google_hk",
		"*.google.co.jp": "google_hk",
		"*.google.co.kr": "google_hk",
		"*.google.co.uk": "google_hk",
		"*.google.com.hk": "google_hk",
		"*.google.com.sg": "google_hk",
		"*.google.com.tw": "google_hk",
		"*.googleapis.com": "google_hk",
		"*.googlecode.com": "google_hk",
		"*.googlegroups.com": "google_hk",
		"*.googleusercontent.com": "google_hk",
		"*.gstatic.com": "google_hk",
		"*.ytimg.com": "google_hk",
		"upload.youtube.com": "google_hk",
		// "*.youtube.com": "google_hk",
	},
	"ForceGAE": [
		// "*.drive.google.com",
		"appengine.google.com",
		"books.google.com",
		"business.google.com",
		"clients1.google.com",
		"clients2.google.com",
		"clients3.google.com",
		"clients4.google.com",
		"domains.google.com",
		"plus.google.com/$",
		"tools.google.com",
		"www.google.com/maps",
		"www.google.com/patents",
		"youtube.googleapis.com",
	],
	"ForceBrotli": [
	],
	"TLSConfig": {
		"Version": "TLSv1.2",
		"ClientSessionCacheSize": 1024,
		"Ciphers": [
			"TLS_ECDHE_RSA_WITH_AES_128_CBC_SHA256",
			"TLS_RSA_WITH_AES_128_CBC_SHA256",
			"TLS_RSA_WITH_AES_256_CBC_SHA256",
			"TLS_RSA_WITH_3DES_EDE_CBC_SHA",
		],
		"ServerName": [
			"download.windowsupdate.com",
			"www.apple.com",
			"www.bing.com",
			"www.microsoft.com",
			// "googleads.g.doubleclick.net",
			// "pubads.g.doubleclick.net",
			// "www.google-analytics.com",
			// "ad.doubleclick.net",
			// "appleid.apple.com",
			// "hkg12s09-in-f14.1e100.net",
			// "hkg12s09-in-f17.1e100.net",
			// "hkg12s09-in-f3.1e100.net",
			// "hkg12s09-in-f4.1e100.net",
		],
	},
	"GoogleG2PKP": "7HIpactkIAq2Y49orFOOQKurWxmmSFZhBCoQYcRhJ3Y=",
	"GoogleG3PKP": "f8NnEFZxQ4ExFOhSN7EiFWtiudZQVD2oY60uauV/n78=",
	"FakeOptions": {
		"*": [
			"Access-Control-Allow-Credentials: true",
			"Access-Control-Allow-Headers: Accept, Authorization, Content-Type, If-Modified-Since",
			"Access-Control-Allow-Methods: GET, POST, HEAD, PUT, DELETE, OPTIONS, PATCH",
			"Access-Control-Allow-Origin: *",
			"Access-Control-Expose-Headers: Cache-Control, Content-Encoding, Content-Length, Content-Type, Date, Expires, Server, Vary, X-Google-GFE-Backend-Request-Cost, X-FB-Debug, X-Loader-Length",
			"Access-Control-Max-Age: 1728000",
			"Status: 200",
			"Vary: Origin",
			"Vary: X-Origin",
		],
	},
	"DNSServers": [
		"114.114.114.114",
		"114.114.115.115",
		"8.8.4.4",
		"8.8.8.8",
		"2001:4860:4860::8844",
		"2001:4860:4860::8888",
		"2001:470:20::2",
	],
	"IPBlackList": [
		"159.106.121.75",
		"203.98.7.65",
		"243.185.187.39",
		"37.61.54.158",
		"59.24.3.173",
		"46.82.174.68",
		"78.16.49.15",
		"8.7.198.45",
		"93.46.8.89",
	],
	"Transport": {
		"Dialer": {
			"DNSCacheExpiry": 864000,
			"DNSCacheSize": 8192,
			"SocketReadBuffer": 0,
			"DualStack": false,
			"KeepAlive": 5,
			"Level": 20,
			"Timeout": 5,
		},
		"Proxy": {
			"Enabled": false,
			"URL": "socks5://127.0.0.1:1080",
		},
		"DisableKeepAlives": false,
		"IdleConnTimeout": 5,
		"MaxIdleConnsPerHost": 32,
		"ResponseHeaderTimeout": 16,
		"RetryDelay": 0.5,
		"RetryTimes": 3,
	}
}
